{"date": "2023-11-25T08:00:00", "pressure": 1015.2, "wind_speed": 12.5, "cloud_cover": 20.1}
{"date": "2023-11-25T08:10:00", "pressure": 1014.8, "wind_speed": 11.9, "cloud_cover": 19.8}
{"date": "2023-11-25T08:20:00", "pressure": 1014.6, "wind_speed": 12.2, "cloud_cover": 18.5}
{"date": "2023-11-25T08:30:00", "pressure": 1014.3, "wind_speed": 11.5, "cloud_cover": 20.7}
{"date": "2023-11-25T08:40:00", "pressure": 1014.9, "wind_speed": 12.8, "cloud_cover": 17.3}
{"date": "2023-11-25T08:50:00", "pressure": 1015.1, "wind_speed": 13.0, "cloud_cover": 19.2}
{"date": "2023-11-25T09:00:00", "pressure": 1015.5, "wind_speed": 12.3, "cloud_cover": 18.9}
{"date": "2023-11-25T09:10:00", "pressure": 1015.7, "wind_speed": 11.7, "cloud_cover": 20.3}
{"date": "2023-11-25T09:20:00", "pressure": 1016.0, "wind_speed": 13.2, "cloud_cover": 17.9}
{"date": "2023-11-25T09:30:00", "pressure": 1016.3, "wind_speed": 13.5, "cloud_cover": 16.8}
{"date": "2023-11-25T09:40:00", "pressure": 1015.8, "wind_speed": 11.8, "cloud_cover": 20.5}
{"date": "2023-11-25T09:50:00", "pressure": 1015.4, "wind_speed": 12.1, "cloud_cover": 16.5}
{"date": "2023-11-25T10:00:00", "pressure": 1015.9, "wind_speed": 13.8, "cloud_cover": 18.3}
{"date": "2023-11-25T10:10:00", "pressure": 1016.5, "wind_speed": 11.3, "cloud_cover": 16.2}
{"date": "2023-11-25T10:20:00", "pressure": 1016.2, "wind_speed": 14.0, "cloud_cover": 19.6}
