{"date": "2023-11-26T08:00:00", "pressure": 1016.2, "wind_speed": 11.5, "cloud_cover": 22.0}
{"date": "2023-11-26T08:10:00", "pressure": 1015.8, "wind_speed": 12.3, "cloud_cover": 21.7}
{"date": "2023-11-26T08:20:00", "pressure": 1015.4, "wind_speed": 11.8, "cloud_cover": 23.5}
{"date": "2023-11-26T08:30:00", "pressure": 1015.1, "wind_speed": 12.1, "cloud_cover": 20.2}
{"date": "2023-11-26T08:40:00", "pressure": 1016.0, "wind_speed": 12.8, "cloud_cover": 24.3}
{"date": "2023-11-26T08:50:00", "pressure": 1016.3, "wind_speed": 13.0, "cloud_cover": 22.8}
{"date": "2023-11-26T09:00:00", "pressure": 1016.7, "wind_speed": 11.9, "cloud_cover": 23.2}
{"date": "2023-11-26T09:10:00", "pressure": 1016.9, "wind_speed": 11.3, "cloud_cover": 24.6}
{"date": "2023-11-26T09:20:00", "pressure": 1017.2, "wind_speed": 13.5, "cloud_cover": 21.9}
{"date": "2023-11-26T09:30:00", "pressure": 1017.5, "wind_speed": 13.8, "cloud_cover": 20.8}
{"date": "2023-11-26T09:40:00", "pressure": 1017.0, "wind_speed": 11.2, "cloud_cover": 24.5}
{"date": "2023-11-26T09:50:00", "pressure": 1016.6, "wind_speed": 12.0, "cloud_cover": 20.5}
{"date": "2023-11-26T10:00:00", "pressure": 1017.1, "wind_speed": 14.2, "cloud_cover": 22.3}
{"date": "2023-11-26T10:10:00", "pressure": 1017.7, "wind_speed": 11.5, "cloud_cover": 20.2}
{"date": "2023-11-26T10:20:00", "pressure": 1017.4, "wind_speed": 14.5, "cloud_cover": 23.6}
