{"date": "2023-11-27T08:00:00", "pressure": 1014.5, "wind_speed": 10.8, "cloud_cover": 18.2}
{"date": "2023-11-27T08:10:00", "pressure": 1014.2, "wind_speed": 10.3, "cloud_cover": 17.9}
{"date": "2023-11-27T08:20:00", "pressure": 1013.8, "wind_speed": 11.1, "cloud_cover": 19.5}
{"date": "2023-11-27T08:30:00", "pressure": 1014.1, "wind_speed": 10.6, "cloud_cover": 18.7}
{"date": "2023-11-27T08:40:00", "pressure": 1013.7, "wind_speed": 11.4, "cloud_cover": 17.0}
{"date": "2023-11-27T08:50:00", "pressure": 1014.0, "wind_speed": 10.2, "cloud_cover": 18.9}
{"date": "2023-11-27T09:00:00", "pressure": 1013.6, "wind_speed": 11.8, "cloud_cover": 16.3}
{"date": "2023-11-27T09:10:00", "pressure": 1013.3, "wind_speed": 11.2, "cloud_cover": 17.8}
{"date": "2023-11-27T09:20:00", "pressure": 1013.9, "wind_speed": 10.9, "cloud_cover": 19.2}
{"date": "2023-11-27T09:30:00", "pressure": 1013.5, "wind_speed": 11.6, "cloud_cover": 18.1}
{"date": "2023-11-27T09:40:00", "pressure": 1014.3, "wind_speed": 10.5, "cloud_cover": 17.5}
{"date": "2023-11-27T09:50:00", "pressure": 1014.6, "wind_speed": 10.0, "cloud_cover": 19.8}
{"date": "2023-11-27T10:00:00", "pressure": 1014.9, "wind_speed": 11.5, "cloud_cover": 18.4}
{"date": "2023-11-27T10:10:00", "pressure": 1014.4, "wind_speed": 10.7, "cloud_cover": 16.7}
{"date": "2023-11-27T10:20:00", "pressure": 1014.7, "wind_speed": 11.9, "cloud_cover": 17.3}
